{
  "cameras": [
    {
      "camera_id": "cam-1",
      "source": 0,
      "seat_rois": {
        "40": [
          0.049479,
          0.386111,
          0.467187,
          0.944444
        ],
        "41": [
          0,
          0,
          1,
          1
        ]
      }
    }
  ]
}
